<?xml version="1.0" encoding="UTF-8"?>
<project-private xmlns="http://www.netbeans.org/ns/project-private/1">
    <editor-bookmarks xmlns="http://www.netbeans.org/ns/editor-bookmarks/2" lastBookmarkId="0"/>
    <open-files xmlns="http://www.netbeans.org/ns/projectui-open-files/2">
        <group>
            <file>file:/C:/Users/Admin/Documents/NetBeansTest/JavaSwingTemplate/src/OBJ/SanPham.java</file>
            <file>file:/C:/Users/Admin/Documents/NetBeansTest/JavaSwingTemplate/src/GUI/frmNhanVien.java</file>
            <file>file:/C:/Users/Admin/Documents/NetBeansTest/JavaSwingTemplate/src/OBJ/HoaDon.java</file>
            <file>file:/C:/Users/Admin/Documents/NetBeansTest/JavaSwingTemplate/src/OBJ/KhachHang.java</file>
            <file>file:/C:/Users/Admin/Documents/NetBeansTest/JavaSwingTemplate/src/GUI/frmKhachHang.java</file>
            <file>file:/C:/Users/Admin/Documents/NetBeansTest/JavaSwingTemplate/src/GUI/frmBanHang.java</file>
            <file>file:/C:/Users/Admin/Documents/NetBeansTest/JavaSwingTemplate/src/Utils/utils.java</file>
            <file>file:/C:/Users/Admin/Documents/NetBeansTest/JavaSwingTemplate/src/OBJ/NhanVien.java</file>
            <file>file:/C:/Users/Admin/Documents/NetBeansTest/JavaSwingTemplate/src/GUI/frmThongKe.java</file>
            <file>file:/C:/Users/Admin/Documents/NetBeansTest/JavaSwingTemplate/src/GUI/frmNhanVienTemplate.java</file>
            <file>file:/C:/Users/Admin/Documents/NetBeansTest/JavaSwingTemplate/src/GUI/frmSanPham.java</file>
            <file>file:/C:/Users/Admin/Documents/NetBeansTest/JavaSwingTemplate/src/Utils/CheckForm.java</file>
            <file>file:/C:/Users/Admin/Documents/NetBeansTest/JavaSwingTemplate/src/GUI/frmDangNhap.java</file>
            <file>file:/C:/Users/Admin/Documents/NetBeansTest/JavaSwingTemplate/src/GUI/frmMain.java</file>
        </group>
    </open-files>
</project-private>
